{
  "ext/fragment/Justification-dbg.js": 1734000315479,
  "ext/controller/Just.js": 1733898520664,
  "ext/fragment/Justification.js": 1734000315479,
  "ext/fragment/Attachments.js": 1732619220476,
  "ext/controller/Objectpage.controller.js": 1734420867358,
  "ext/fragment/Workflow.js": 1732619220476,
  "ext/controller/Comment.js": 1732689195667,
  "manifest.json": 1734420981579,
  "Component.js": 1732619220476,
  "Component-dbg.js": 1732619220476,
  "Component.js.map": 1734420981724,
  "i18n/i18n.properties": 1732619220476,
  "ext/fragment/Justification.js.map": 1734420981724,
  "ext/fragment/Attachments-dbg.js": 1732619220476,
  "ext/fragment/Attachments.js.map": 1734420981759,
  "ext/controller/Objectpage-dbg.controller.js": 1734420867358,
  "ext/controller/Objectpage.controller.js.map": 1734420981760,
  "ext/fragment/Workflow-dbg.js": 1732619220476,
  "ext/fragment/Workflow.js.map": 1734420981726,
  "ext/controller/Comment-dbg.js": 1732689195667,
  "ext/controller/Comment.js.map": 1734420981749,
  "ext/controller/Just-dbg.js": 1733898520664,
  "ext/controller/Just.js.map": 1734420981727,
  "Component-preload.js": 1734420981843,
  "Component-preload.js.map": 1734420981843,
  "ext/fragment/Workflow.fragment.xml": 1732619220476,
  "ext/fragment/Justification.fragment.xml": 1734085777973,
  "ext/fragment/Attachments.fragment.xml": 1734072960229,
  "css/style.css": 1734349082726,
  "index.html": 1732619220476
}