{
  "ext/fragment/Attachments-dbg.js": 1741776352968,
  "ext/fragment/Attachments.js": 1741776352968,
  "ext/fragment/Justification.js": 1741776352968,
  "ext/fragment/Workflow.js": 1741776352968,
  "ext/controller/Objectpage.controller.js": 1741776352968,
  "ext/controller/Just.js": 1741776352968,
  "ext/controller/Comment.js": 1741776352968,
  "manifest.json": 1743676609897,
  "Component.js": 1741776352968,
  "ext/fragment/Justification-dbg.js": 1741776352968,
  "ext/fragment/Justification.js.map": 1743676610040,
  "i18n/i18n.properties": 1741776352968,
  "ext/fragment/Attachments.js.map": 1743676610056,
  "ext/fragment/Workflow-dbg.js": 1741776352968,
  "ext/fragment/Workflow.js.map": 1743676610041,
  "ext/controller/Objectpage-dbg.controller.js": 1741776352968,
  "ext/controller/Objectpage.controller.js.map": 1743676610070,
  "ext/controller/Just-dbg.js": 1741776352968,
  "ext/controller/Just.js.map": 1743676610042,
  "ext/controller/Comment-dbg.js": 1741776352968,
  "ext/controller/Comment.js.map": 1743676610051,
  "Component-dbg.js": 1741776352968,
  "Component.js.map": 1743676610043,
  "Component-preload.js": 1743676610151,
  "Component-preload.js.map": 1743676610151,
  "ext/fragment/Workflow.fragment.xml": 1741776352968,
  "ext/fragment/Justification.fragment.xml": 1742887299160,
  "ext/fragment/Attachments.fragment.xml": 1741776352968,
  "css/style.css": 1741776352968,
  "index.html": 1741776352968
}