{
  "Component.js": 1748443662130,
  "manifest.json": 1749414977891,
  "ext/fragment/Justification.js": 1748443662130,
  "ext/fragment/Attachments.js": 1748534734985,
  "ext/controller/Objectpage.controller.js": 1749102889573,
  "ext/controller/Just.js": 1748443662130,
  "ext/controller/Comment.js": 1748786902204,
  "ext/fragment/Workflow.js": 1748443662130,
  "i18n/i18n.properties": 1748443662130,
  "ext/controller/Comment-dbg.js": 1748786902204,
  "ext/controller/Comment.js.map": 1749414978034,
  "ext/fragment/Attachments-dbg.js": 1748534734985,
  "ext/fragment/Attachments.js.map": 1749414978039,
  "ext/controller/Objectpage-dbg.controller.js": 1749102889573,
  "ext/controller/Objectpage.controller.js.map": 1749414978056,
  "ext/controller/Just-dbg.js": 1748443662130,
  "ext/controller/Just.js.map": 1749414978021,
  "ext/fragment/Justification-dbg.js": 1748443662130,
  "ext/fragment/Justification.js.map": 1749414978023,
  "ext/fragment/Workflow-dbg.js": 1748443662130,
  "ext/fragment/Workflow.js.map": 1749414978024,
  "Component-dbg.js": 1748443662130,
  "Component.js.map": 1749414978025,
  "Component-preload.js": 1749414978134,
  "Component-preload.js.map": 1749414978134,
  "ext/fragment/Workflow.fragment.xml": 1748443662130,
  "ext/fragment/Justification.fragment.xml": 1748443662130,
  "ext/fragment/Attachments.fragment.xml": 1748526964021,
  "css/style.css": 1748443662130,
  "index.html": 1748443662130
}