{
  "ext/fragment/Justification.js.map": 1748596553867,
  "ext/fragment/Attachments.js": 1748534734985,
  "ext/fragment/Justification.js": 1748443662130,
  "ext/fragment/Workflow.js": 1748443662130,
  "ext/controller/Objectpage.controller.js": 1748588080242,
  "ext/controller/Just.js": 1748443662130,
  "ext/controller/Comment.js": 1748544923029,
  "manifest.json": 1748596553723,
  "Component.js": 1748443662130,
  "ext/controller/Just-dbg.js": 1748443662130,
  "ext/controller/Just.js.map": 1748596553867,
  "ext/fragment/Justification-dbg.js": 1748443662130,
  "i18n/i18n.properties": 1748443662130,
  "ext/fragment/Workflow-dbg.js": 1748443662130,
  "ext/fragment/Workflow.js.map": 1748596553867,
  "ext/controller/Objectpage-dbg.controller.js": 1748588080242,
  "ext/controller/Objectpage.controller.js.map": 1748596553895,
  "ext/fragment/Attachments-dbg.js": 1748534734985,
  "ext/fragment/Attachments.js.map": 1748596553882,
  "ext/controller/Comment-dbg.js": 1748544923029,
  "ext/controller/Comment.js.map": 1748596553877,
  "Component-dbg.js": 1748443662130,
  "Component.js.map": 1748596553868,
  "Component-preload.js": 1748596553975,
  "Component-preload.js.map": 1748596553975,
  "ext/fragment/Workflow.fragment.xml": 1748443662130,
  "ext/fragment/Justification.fragment.xml": 1748443662130,
  "ext/fragment/Attachments.fragment.xml": 1748526964021,
  "css/style.css": 1748443662130,
  "index.html": 1748443662130
}