{
  "index.html": 1748443662130,
  "Component.js": 1748443662130,
  "ext/fragment/Justification.js": 1748443662130,
  "ext/fragment/Attachments.js": 1748534734985,
  "ext/controller/Objectpage.controller.js": 1749102889573,
  "ext/controller/Just.js": 1748443662130,
  "ext/controller/Comment.js": 1748786902204,
  "manifest.json": 1749462171711,
  "ext/fragment/Workflow.js": 1748443662130,
  "ext/controller/Just-dbg.js": 1748443662130,
  "ext/controller/Just.js.map": 1749462171923,
  "ext/fragment/Justification-dbg.js": 1748443662130,
  "ext/fragment/Justification.js.map": 1749462171924,
  "ext/fragment/Attachments-dbg.js": 1748534734985,
  "ext/fragment/Attachments.js.map": 1749462171974,
  "ext/controller/Objectpage-dbg.controller.js": 1749102889573,
  "ext/controller/Objectpage.controller.js.map": 1749462172000,
  "Component-dbg.js": 1748443662130,
  "Component.js.map": 1749462171927,
  "ext/controller/Comment-dbg.js": 1748786902204,
  "ext/controller/Comment.js.map": 1749462171965,
  "ext/fragment/Workflow-dbg.js": 1748443662130,
  "ext/fragment/Workflow.js.map": 1749462171964,
  "Component-preload.js": 1749462172229,
  "Component-preload.js.map": 1749462172229,
  "ext/fragment/Workflow.fragment.xml": 1748443662130,
  "ext/fragment/Justification.fragment.xml": 1748443662130,
  "ext/fragment/Attachments.fragment.xml": 1748526964021,
  "css/style.css": 1748443662130,
  "i18n/i18n.properties": 1748443662130
}