{
  "Component-preload.js": 1732168296372,
  "Component.js": 1732094819499,
  "ext/fragment/Attachments.js": 1732164796030,
  "manifest.json": 1732168296178,
  "ext/fragment/Workflow.js": 1732166734659,
  "ext/fragment/Attachments-dbg.js": 1732164796030,
  "ext/fragment/Attachments.js.map": 1732168296307,
  "Component-dbg.js": 1732094819499,
  "Component.js.map": 1732168296293,
  "ext/fragment/Workflow-dbg.js": 1732166734659,
  "ext/fragment/Workflow.js.map": 1732168296293,
  "i18n/i18n.properties": 1732097026056,
  "Component-preload.js.map": 1732168296372,
  "ext/fragment/Workflow.fragment.xml": 1732166786623,
  "ext/fragment/Attachments.fragment.xml": 1732164728018,
  "index.html": 1732094819499
}