{
  "ext/controller/Just.js.map": 1734434467883,
  "ext/controller/Comment.js": 1732689195667,
  "ext/fragment/Justification.js": 1734000315479,
  "ext/fragment/Attachments.js": 1732619220476,
  "ext/controller/Objectpage.controller.js": 1734434442780,
  "ext/controller/Just.js": 1733898520664,
  "ext/fragment/Workflow.js": 1732619220476,
  "manifest.json": 1734434467753,
  "Component.js": 1732619220476,
  "ext/controller/Just-dbg.js": 1733898520664,
  "i18n/i18n.properties": 1732619220476,
  "ext/fragment/Justification-dbg.js": 1734000315479,
  "ext/fragment/Justification.js.map": 1734434467883,
  "ext/fragment/Attachments-dbg.js": 1732619220476,
  "ext/fragment/Attachments.js.map": 1734434467898,
  "ext/controller/Objectpage-dbg.controller.js": 1734434442780,
  "ext/controller/Objectpage.controller.js.map": 1734434467912,
  "ext/controller/Comment-dbg.js": 1732689195667,
  "ext/controller/Comment.js.map": 1734434467894,
  "ext/fragment/Workflow-dbg.js": 1732619220476,
  "ext/fragment/Workflow.js.map": 1734434467885,
  "Component-dbg.js": 1732619220476,
  "Component.js.map": 1734434467886,
  "Component-preload.js": 1734434467989,
  "Component-preload.js.map": 1734434467989,
  "ext/fragment/Workflow.fragment.xml": 1732619220476,
  "ext/fragment/Justification.fragment.xml": 1734085777973,
  "ext/fragment/Attachments.fragment.xml": 1734072960229,
  "css/style.css": 1734349082726,
  "index.html": 1732619220476
}