{
  "ext/fragment/Workflow.fragment.xml": 1732619220476,
  "ext/controller/Just.js": 1733898520664,
  "ext/fragment/Attachments.js": 1732619220476,
  "ext/controller/Objectpage.controller.js": 1733982454986,
  "ext/fragment/Workflow.js": 1732619220476,
  "ext/controller/Comment.js": 1732689195667,
  "manifest.json": 1733984612202,
  "Component.js": 1732619220476,
  "ext/controller/Comment-dbg.js": 1732689195667,
  "ext/controller/Comment.js.map": 1733984612344,
  "ext/fragment/Attachments-dbg.js": 1732619220476,
  "ext/fragment/Attachments.js.map": 1733984612349,
  "ext/controller/Objectpage-dbg.controller.js": 1733982454986,
  "ext/controller/Objectpage.controller.js.map": 1733984612347,
  "ext/fragment/Workflow-dbg.js": 1732619220476,
  "ext/fragment/Workflow.js.map": 1733984612335,
  "ext/controller/Just-dbg.js": 1733898520664,
  "ext/controller/Just.js.map": 1733984612336,
  "Component-dbg.js": 1732619220476,
  "Component.js.map": 1733984612338,
  "Component-preload.js": 1733984612420,
  "Component-preload.js.map": 1733984612420,
  "i18n/i18n.properties": 1732619220476,
  "ext/fragment/Attachments.fragment.xml": 1732619220476,
  "css/style.css": 1732619220476,
  "index.html": 1732619220476
}