{
  "ext/controller/Objectpage.controller.js": 1750453326480,
  "ext/fragment/Justification.js": 1748443662130,
  "ext/fragment/Workflow.js": 1748443662130,
  "ext/fragment/Attachments.js": 1748534734985,
  "i18n/i18n.properties": 1748443662130,
  "ext/controller/List.controller.js": 1750929898085,
  "ext/controller/Just.js": 1748443662130,
  "ext/controller/Comment.js": 1748786902204,
  "manifest.json": 1750929927139,
  "Component.js": 1748443662130,
  "ext/fragment/Justification-dbg.js": 1748443662130,
  "ext/fragment/Justification.js.map": 1750929927256,
  "ext/fragment/Workflow-dbg.js": 1748443662130,
  "ext/fragment/Workflow.js.map": 1750929927251,
  "ext/fragment/Attachments-dbg.js": 1748534734985,
  "ext/fragment/Attachments.js.map": 1750929927268,
  "ext/controller/Objectpage-dbg.controller.js": 1750453326480,
  "ext/controller/Objectpage.controller.js.map": 1750929927280,
  "ext/controller/List-dbg.controller.js": 1750929898085,
  "ext/controller/List.controller.js.map": 1750929927255,
  "ext/controller/Just-dbg.js": 1748443662130,
  "ext/controller/Just.js.map": 1750929927256,
  "ext/controller/Comment-dbg.js": 1748786902204,
  "ext/controller/Comment.js.map": 1750929927267,
  "Component-dbg.js": 1748443662130,
  "Component.js.map": 1750929927257,
  "Component-preload.js": 1750929927482,
  "Component-preload.js.map": 1750929927482,
  "ext/fragment/Workflow.fragment.xml": 1748443662130,
  "ext/fragment/Justification.fragment.xml": 1748443662130,
  "ext/fragment/Attachments.fragment.xml": 1748526964021,
  "css/style.css": 1750881610297,
  "index.html": 1748443662130
}