{
  "ext/fragment/Justification.fragment.xml": 1734085777973,
  "Component.js": 1732619220476,
  "ext/fragment/Justification.js": 1734000315479,
  "ext/fragment/Attachments.js": 1732619220476,
  "ext/controller/Objectpage.controller.js": 1736492772606,
  "ext/controller/Just.js": 1733898520664,
  "ext/controller/Comment.js": 1736246466239,
  "manifest.json": 1736493054599,
  "ext/fragment/Workflow.js": 1732619220476,
  "ext/controller/Objectpage-dbg.controller.js": 1736492772606,
  "ext/controller/Objectpage.controller.js.map": 1736493054805,
  "ext/fragment/Justification-dbg.js": 1734000315479,
  "ext/fragment/Justification.js.map": 1736493054768,
  "ext/fragment/Attachments-dbg.js": 1732619220476,
  "ext/fragment/Attachments.js.map": 1736493054789,
  "Component-dbg.js": 1732619220476,
  "Component.js.map": 1736493054766,
  "ext/controller/Just-dbg.js": 1733898520664,
  "ext/controller/Just.js.map": 1736493054776,
  "ext/controller/Comment-dbg.js": 1736246466239,
  "ext/controller/Comment.js.map": 1736493054784,
  "ext/fragment/Workflow-dbg.js": 1732619220476,
  "ext/fragment/Workflow.js.map": 1736493054778,
  "Component-preload.js": 1736493054880,
  "Component-preload.js.map": 1736493054880,
  "ext/fragment/Workflow.fragment.xml": 1732619220476,
  "i18n/i18n.properties": 1732619220476,
  "ext/fragment/Attachments.fragment.xml": 1736491614695,
  "css/style.css": 1734349082726,
  "index.html": 1732619220476
}