{
  "ext/fragment/Attachments.js": 1732186931417,
  "Component.js": 1732094819499,
  "i18n/i18n.properties": 1732097026056,
  "ext/controller/Objectpage.controller.js": 1732272392086,
  "ext/controller/Comment.js": 1732255216213,
  "manifest.json": 1732511482983,
  "ext/fragment/Workflow.js": 1732166734659,
  "ext/controller/Objectpage-dbg.controller.js": 1732272392086,
  "ext/controller/Objectpage.controller.js.map": 1732511483180,
  "ext/fragment/Attachments-dbg.js": 1732186931417,
  "ext/fragment/Attachments.js.map": 1732511483188,
  "Component-dbg.js": 1732094819499,
  "Component.js.map": 1732511483173,
  "ext/controller/Comment-dbg.js": 1732255216213,
  "ext/controller/Comment.js.map": 1732511483180,
  "ext/fragment/Workflow-dbg.js": 1732166734659,
  "ext/fragment/Workflow.js.map": 1732511483174,
  "Component-preload.js": 1732511483377,
  "Component-preload.js.map": 1732511483377,
  "ext/fragment/Workflow.fragment.xml": 1732511453667,
  "ext/fragment/Attachments.fragment.xml": 1732180401620,
  "css/style.css": 1732273206827,
  "index.html": 1732094819499
}