{
  "ext/fragment/Justification-dbg.js": 1734000315479,
  "manifest.json": 1738051077513,
  "ext/fragment/Justification.js": 1734000315479,
  "ext/fragment/Attachments.js": 1732619220476,
  "ext/controller/Objectpage.controller.js": 1738051056873,
  "ext/controller/Just.js": 1733898520664,
  "ext/controller/Comment.js": 1738050073579,
  "ext/fragment/Workflow.js": 1732619220476,
  "Component.js": 1732619220476,
  "ext/controller/Just-dbg.js": 1733898520664,
  "ext/controller/Just.js.map": 1738051077662,
  "ext/fragment/Attachments-dbg.js": 1732619220476,
  "ext/fragment/Attachments.js.map": 1738051077681,
  "ext/controller/Objectpage-dbg.controller.js": 1738051056873,
  "ext/controller/Objectpage.controller.js.map": 1738051077698,
  "i18n/i18n.properties": 1732619220476,
  "ext/fragment/Justification.js.map": 1738051077661,
  "ext/controller/Comment-dbg.js": 1738050073579,
  "ext/controller/Comment.js.map": 1738051077674,
  "ext/fragment/Workflow-dbg.js": 1732619220476,
  "ext/fragment/Workflow.js.map": 1738051077665,
  "Component-dbg.js": 1732619220476,
  "Component.js.map": 1738051077665,
  "Component-preload.js": 1738051077786,
  "Component-preload.js.map": 1738051077786,
  "ext/fragment/Workflow.fragment.xml": 1732619220476,
  "ext/fragment/Justification.fragment.xml": 1734085777973,
  "ext/fragment/Attachments.fragment.xml": 1736491614695,
  "css/style.css": 1737701111701,
  "index.html": 1732619220476
}