{
  "ext/fragment/Workflow.fragment.xml": 1748443662130,
  "ext/controller/Objectpage.controller.js": 1748800841104,
  "ext/fragment/Justification.js": 1748443662130,
  "ext/fragment/Attachments.js": 1748534734985,
  "ext/fragment/Workflow.js": 1748443662130,
  "ext/controller/Just.js": 1748443662130,
  "ext/controller/Comment.js": 1748786902204,
  "manifest.json": 1748800860274,
  "Component.js": 1748443662130,
  "ext/fragment/Workflow-dbg.js": 1748443662130,
  "ext/fragment/Workflow.js.map": 1748800860469,
  "ext/fragment/Justification-dbg.js": 1748443662130,
  "ext/fragment/Justification.js.map": 1748800860426,
  "ext/fragment/Attachments-dbg.js": 1748534734985,
  "ext/fragment/Attachments.js.map": 1748800860474,
  "ext/controller/Objectpage-dbg.controller.js": 1748800841104,
  "ext/controller/Objectpage.controller.js.map": 1748800860494,
  "ext/controller/Just-dbg.js": 1748443662130,
  "ext/controller/Just.js.map": 1748800860460,
  "ext/controller/Comment-dbg.js": 1748786902204,
  "ext/controller/Comment.js.map": 1748800860470,
  "Component-dbg.js": 1748443662130,
  "Component.js.map": 1748800860470,
  "Component-preload.js": 1748800860595,
  "Component-preload.js.map": 1748800860595,
  "i18n/i18n.properties": 1748443662130,
  "ext/fragment/Justification.fragment.xml": 1748443662130,
  "ext/fragment/Attachments.fragment.xml": 1748526964021,
  "css/style.css": 1748443662130,
  "index.html": 1748443662130
}