{
  "ext/fragment/Attachments.fragment.xml": 1732180401620,
  "ext/fragment/Attachments.js": 1732186931417,
  "ext/fragment/Workflow.js": 1732166734659,
  "ext/controller/Comment.js": 1732255216213,
  "manifest.json": 1732255235915,
  "Component.js": 1732094819499,
  "Component-dbg.js": 1732094819499,
  "Component.js.map": 1732255236042,
  "ext/fragment/Workflow-dbg.js": 1732166734659,
  "ext/fragment/Workflow.js.map": 1732255236043,
  "ext/controller/Comment-dbg.js": 1732255216213,
  "ext/controller/Comment.js.map": 1732255236050,
  "ext/fragment/Attachments-dbg.js": 1732186931417,
  "ext/fragment/Attachments.js.map": 1732255236058,
  "Component-preload.js": 1732255236125,
  "Component-preload.js.map": 1732255236125,
  "ext/fragment/Workflow.fragment.xml": 1732166786623,
  "i18n/i18n.properties": 1732097026056,
  "index.html": 1732094819499
}